Data_Type,Method,Strategy,Model,Target,Country_Group,Avg_RMSE,Median_RMSE,Max_RMSE,Min_RMSE,Max_RMSE_Country,Min_RMSE_Country,Avg_MASE,N_Countries
All Country (LOCO),Autoregressive - 4 lags,Non-Recursive,Bi-LSTM,Co2,Developed,158.9157,35.7772,1069.9474,16.4638,United States,Australia,2.1623,9
Single Country,Autoregressive - 4 lags,Non-Recursive,Bi-LSTM,Co2,Developed,75.2877,45.2150,281.7269,17.1766,United States,Australia,1.7833,9
All Country (LOCO),Autoregressive - 4 lags,Recursive,Bi-LSTM,Co2,Developed,225.1034,30.7159,1373.7793,17.6302,United States,Australia,3.5979,9
Single Country,Autoregressive - 4 lags,Recursive,Bi-LSTM,Co2,Developed,118.4069,85.2161,369.2641,20.0466,United States,Italy,3.3535,9
All Country (LOCO),Autoregressive - 4 lags,Non-Recursive,CNN,Co2,Developed,268.0139,31.6348,2106.3883,18.9582,United States,South Korea,2.6812,9
Single Country,Autoregressive - 4 lags,Non-Recursive,CNN,Co2,Developed,56.4760,23.7410,223.4440,11.5694,United States,Australia,1.3671,9
All Country (LOCO),Autoregressive - 4 lags,Recursive,CNN,Co2,Developed,628.2277,54.3204,5258.6249,18.6134,United States,France,5.4113,9
Single Country,Autoregressive - 4 lags,Recursive,CNN,Co2,Developed,68.6619,44.4860,192.4475,14.3637,United States,Australia,2.0183,9
All Country (LOCO),Autoregressive - 4 lags,Non-Recursive,ED-LSTM,Co2,Developed,76.0758,44.2814,301.5333,20.8457,United States,France,1.9138,9
Single Country,Autoregressive - 4 lags,Non-Recursive,ED-LSTM,Co2,Developed,67.6317,36.8635,225.1728,16.8473,United States,Canada,2.0118,9
All Country (LOCO),Autoregressive - 4 lags,Recursive,ED-LSTM,Co2,Developed,105.7332,69.4838,329.4575,17.8470,Japan,France,3.2638,9
Single Country,Autoregressive - 4 lags,Recursive,ED-LSTM,Co2,Developed,107.6101,64.5234,391.9665,18.3194,United States,France,3.5236,9
All Country (LOCO),Autoregressive - 4 lags,Non-Recursive,LSTM,Co2,Developed,198.1621,38.2023,1470.6682,25.7121,United States,Canada,2.5030,9
Single Country,Autoregressive - 4 lags,Non-Recursive,LSTM,Co2,Developed,75.0182,25.0651,253.8688,13.1863,United States,Australia,1.6684,9
All Country (LOCO),Autoregressive - 4 lags,Recursive,LSTM,Co2,Developed,470.6821,85.1049,3708.0010,21.1059,United States,France,4.8388,9
Single Country,Autoregressive - 4 lags,Recursive,LSTM,Co2,Developed,102.1767,35.8046,412.8881,17.9863,United States,Australia,2.1501,9
All Country (LOCO),Autoregressive - 4 lags,Non-Recursive,Bi-LSTM,Co2,Developing,697.9248,68.1011,6166.4500,21.7942,China,Argentina,4.1252,10
Single Country,Autoregressive - 4 lags,Non-Recursive,Bi-LSTM,Co2,Developing,207.0007,98.7709,984.6867,15.3717,China,Argentina,3.1014,10
All Country (LOCO),Autoregressive - 4 lags,Recursive,Bi-LSTM,Co2,Developing,1007.1874,162.3230,8565.4548,16.2703,China,Argentina,6.6210,10
Single Country,Autoregressive - 4 lags,Recursive,Bi-LSTM,Co2,Developing,288.9001,216.8746,1042.8904,29.5423,China,Argentina,5.3289,10
All Country (LOCO),Autoregressive - 4 lags,Non-Recursive,CNN,Co2,Developing,216.2318,52.2701,1496.2231,21.6764,China,Argentina,2.1988,10
Single Country,Autoregressive - 4 lags,Non-Recursive,CNN,Co2,Developing,192.1439,64.7171,1250.8941,18.9513,China,Argentina,1.9898,10
All Country (LOCO),Autoregressive - 4 lags,Recursive,CNN,Co2,Developing,200.0264,126.3053,878.1974,11.9414,China,Argentina,3.6395,10
Single Country,Autoregressive - 4 lags,Recursive,CNN,Co2,Developing,491.5041,116.3718,3497.7800,18.4327,China,Turkey,4.2743,10
All Country (LOCO),Autoregressive - 4 lags,Non-Recursive,ED-LSTM,Co2,Developing,1086.2180,60.1295,10247.0582,22.7315,China,Argentina,5.0019,10
Single Country,Autoregressive - 4 lags,Non-Recursive,ED-LSTM,Co2,Developing,275.5552,80.6415,1895.7037,18.3678,China,Argentina,2.7007,10
All Country (LOCO),Autoregressive - 4 lags,Recursive,ED-LSTM,Co2,Developing,1115.3865,116.9444,10273.5310,15.9288,China,Argentina,6.4580,10
Single Country,Autoregressive - 4 lags,Recursive,ED-LSTM,Co2,Developing,460.4853,157.2272,3160.3705,14.2785,China,Argentina,4.4931,10
All Country (LOCO),Autoregressive - 4 lags,Non-Recursive,LSTM,Co2,Developing,440.7974,54.0497,3700.2946,25.6677,China,Argentina,2.8672,10
Single Country,Autoregressive - 4 lags,Non-Recursive,LSTM,Co2,Developing,321.8587,91.5745,2367.2745,17.0647,China,Argentina,2.5484,10
All Country (LOCO),Autoregressive - 4 lags,Recursive,LSTM,Co2,Developing,859.3689,101.7463,7469.2430,15.1392,China,Argentina,5.3800,10
Single Country,Autoregressive - 4 lags,Recursive,LSTM,Co2,Developing,410.6440,143.5534,2481.4054,20.0869,China,Turkey,4.2525,10
All Country (LOCO),Autoregressive - 4 lags,Non-Recursive,Bi-LSTM,Gdp,Developed,456072249326.1144,171071717970.4080,2371370922283.0195,35730270931.1452,United States,South Korea,2.9535,9
Single Country,Autoregressive - 4 lags,Non-Recursive,Bi-LSTM,Gdp,Developed,317555366285.0385,165694122444.9594,1109443696648.0598,41941309025.6770,Japan,Australia,2.7581,9
All Country (LOCO),Autoregressive - 4 lags,Recursive,Bi-LSTM,Gdp,Developed,1965248204082.9866,282500065455.9457,14487709556221.2012,38637399999.7570,United States,South Korea,7.8474,9
Single Country,Autoregressive - 4 lags,Recursive,Bi-LSTM,Gdp,Developed,530221396686.1625,195310585978.6047,1929628823748.3291,76005211545.9440,United States,Canada,4.0857,9
All Country (LOCO),Autoregressive - 4 lags,Non-Recursive,CNN,Gdp,Developed,135481863109.2368,111800706659.8102,356018071847.3929,57418408190.7893,United States,South Korea,1.3130,9
Single Country,Autoregressive - 4 lags,Non-Recursive,CNN,Gdp,Developed,183572616422.3469,125161857788.2080,502860748984.2735,26408044984.5689,United States,Australia,1.4731,9
All Country (LOCO),Autoregressive - 4 lags,Recursive,CNN,Gdp,Developed,306261761637.4584,139922214199.1964,1356431394583.3252,99179271613.6264,United States,Canada,2.5341,9
Single Country,Autoregressive - 4 lags,Recursive,CNN,Gdp,Developed,299211852556.7201,135979151158.5517,1158455130903.7654,49401259581.9503,United States,Canada,2.1235,9
All Country (LOCO),Autoregressive - 4 lags,Non-Recursive,ED-LSTM,Gdp,Developed,288051732154.8627,113302438750.3540,1624208822560.2290,56100703289.0492,United States,South Korea,1.6786,9
Single Country,Autoregressive - 4 lags,Non-Recursive,ED-LSTM,Gdp,Developed,183965675017.3365,134735920270.1833,565970788032.6007,18115439621.0615,United States,Australia,1.3771,9
All Country (LOCO),Autoregressive - 4 lags,Recursive,ED-LSTM,Gdp,Developed,1213082418491.8174,241127542158.3636,9274117544582.0547,100989276921.0162,United States,France,4.3862,9
Single Country,Autoregressive - 4 lags,Recursive,ED-LSTM,Gdp,Developed,274784194417.3871,185047249236.2276,1066122991442.1730,23007741107.9332,United States,Australia,1.8970,9
All Country (LOCO),Autoregressive - 4 lags,Non-Recursive,LSTM,Gdp,Developed,361307650004.8494,113923157740.7267,1895571341553.4880,53150814695.5518,United States,South Korea,2.1001,9
Single Country,Autoregressive - 4 lags,Non-Recursive,LSTM,Gdp,Developed,197855843175.8687,111142033852.7541,604891159502.6775,28497466285.9876,United States,Australia,1.4414,9
All Country (LOCO),Autoregressive - 4 lags,Recursive,LSTM,Gdp,Developed,791745655606.0225,163054953879.2173,4987074201686.7676,81064839379.3253,United States,South Korea,4.0434,9
Single Country,Autoregressive - 4 lags,Recursive,LSTM,Gdp,Developed,308022313772.0791,116642146493.4030,1415920423046.6814,33306210951.7255,United States,Canada,1.9338,9
All Country (LOCO),Autoregressive - 4 lags,Non-Recursive,Bi-LSTM,Gdp,Developing,995662557841.5424,153598491993.5619,7735612990392.1709,53550950778.1990,China,South Africa,2.5026,10
Single Country,Autoregressive - 4 lags,Non-Recursive,Bi-LSTM,Gdp,Developing,495429878085.9465,206809885565.4504,2498529407100.5928,62629393540.3065,China,South Africa,2.3561,10
All Country (LOCO),Autoregressive - 4 lags,Recursive,Bi-LSTM,Gdp,Developing,1856373551027.6821,411992249617.3704,14365816704746.9707,42779515489.4948,China,South Africa,5.0803,10
Single Country,Autoregressive - 4 lags,Recursive,Bi-LSTM,Gdp,Developing,763336599841.6692,276881947424.1274,3518853706257.1392,122828393238.9000,China,Russia,5.1163,10
All Country (LOCO),Autoregressive - 4 lags,Non-Recursive,CNN,Gdp,Developing,660833578704.2253,177422480449.5782,4696253452417.7148,56348163287.6270,China,South Africa,2.1952,10
Single Country,Autoregressive - 4 lags,Non-Recursive,CNN,Gdp,Developing,362388337832.3008,206863685730.5626,1187644155719.8362,78842563702.7697,China,South Africa,2.3701,10
All Country (LOCO),Autoregressive - 4 lags,Recursive,CNN,Gdp,Developing,967923811541.5608,322299549044.0546,6386279865354.0020,69307700933.3390,China,South Africa,4.2911,10
Single Country,Autoregressive - 4 lags,Recursive,CNN,Gdp,Developing,654150094940.7665,370314093485.1621,1989467047886.7678,77473898423.7302,China,Turkey,5.5087,10
All Country (LOCO),Autoregressive - 4 lags,Non-Recursive,ED-LSTM,Gdp,Developing,419648414678.9023,143729707769.2510,2536974548642.2329,19262548530.1890,China,South Africa,1.4921,10
Single Country,Autoregressive - 4 lags,Non-Recursive,ED-LSTM,Gdp,Developing,432950387637.5753,328074808847.9843,1618792591025.0015,58640634853.4092,China,Argentina,2.5347,10
All Country (LOCO),Autoregressive - 4 lags,Recursive,ED-LSTM,Gdp,Developing,890272235069.4963,276949817481.4299,6436737723520.6680,29636290943.7322,China,South Africa,2.6875,10
Single Country,Autoregressive - 4 lags,Recursive,ED-LSTM,Gdp,Developing,732899270171.4698,465376386917.4213,3004197395563.7310,146024397142.3071,China,Mexico,4.8177,10
All Country (LOCO),Autoregressive - 4 lags,Non-Recursive,LSTM,Gdp,Developing,570098697686.7512,136085617927.7257,4000526873031.5962,19026522642.7152,China,South Africa,1.4710,10
Single Country,Autoregressive - 4 lags,Non-Recursive,LSTM,Gdp,Developing,346419965890.6243,187935501736.6152,1088364848080.3842,71403139981.1808,China,South Africa,2.3090,10
All Country (LOCO),Autoregressive - 4 lags,Recursive,LSTM,Gdp,Developing,1035634504152.8528,245609078294.1093,7816306455862.1924,24587047634.0294,China,South Africa,2.8541,10
Single Country,Autoregressive - 4 lags,Recursive,LSTM,Gdp,Developing,579014599571.2878,339750123117.6241,1669349671245.9490,105885333598.5597,China,Mexico,5.0137,10
All Country (LOCO),Autoregressive - 4 lags,Non-Recursive,Bi-LSTM,Primary Energy Consumption,Developed,597.6854,234.1042,3159.2875,54.4463,United States,Australia,2.4397,9
Single Country,Autoregressive - 4 lags,Non-Recursive,Bi-LSTM,Primary Energy Consumption,Developed,276.6053,182.6467,799.4998,63.8121,United States,Australia,1.7043,9
All Country (LOCO),Autoregressive - 4 lags,Recursive,Bi-LSTM,Primary Energy Consumption,Developed,772.9390,481.9761,3128.2938,61.5731,United States,Australia,4.6966,9
Single Country,Autoregressive - 4 lags,Recursive,Bi-LSTM,Primary Energy Consumption,Developed,408.9280,252.9000,1159.1195,44.4999,United States,Australia,2.4251,9
All Country (LOCO),Autoregressive - 4 lags,Non-Recursive,CNN,Primary Energy Consumption,Developed,329.1939,160.0250,1182.8178,30.9517,United States,Australia,1.9291,9
Single Country,Autoregressive - 4 lags,Non-Recursive,CNN,Primary Energy Consumption,Developed,256.2566,121.9909,1144.6429,35.2986,United States,Australia,1.2833,9
All Country (LOCO),Autoregressive - 4 lags,Recursive,CNN,Primary Energy Consumption,Developed,438.0886,214.1775,1392.0781,35.4470,United States,Australia,3.0351,9
Single Country,Autoregressive - 4 lags,Recursive,CNN,Primary Energy Consumption,Developed,312.5914,191.1684,935.9097,43.1680,United States,Australia,1.8571,9
All Country (LOCO),Autoregressive - 4 lags,Non-Recursive,ED-LSTM,Primary Energy Consumption,Developed,314.7176,155.2829,1480.4149,31.3864,United States,Australia,1.5313,9
Single Country,Autoregressive - 4 lags,Non-Recursive,ED-LSTM,Primary Energy Consumption,Developed,440.8519,138.1417,2053.5881,90.5927,Japan,United Kingdom,2.1225,9
All Country (LOCO),Autoregressive - 4 lags,Recursive,ED-LSTM,Primary Energy Consumption,Developed,523.5269,342.5257,1982.3466,51.9044,United States,Australia,3.3148,9
Single Country,Autoregressive - 4 lags,Recursive,ED-LSTM,Primary Energy Consumption,Developed,649.1899,216.0239,3681.4890,74.7270,Japan,Australia,4.0493,9
All Country (LOCO),Autoregressive - 4 lags,Non-Recursive,LSTM,Primary Energy Consumption,Developed,1813.0390,144.2748,15016.4030,107.3692,United States,Australia,3.5560,9
Single Country,Autoregressive - 4 lags,Non-Recursive,LSTM,Primary Energy Consumption,Developed,227.7169,135.0286,984.5973,71.0718,United States,Australia,1.1732,9
All Country (LOCO),Autoregressive - 4 lags,Recursive,LSTM,Primary Energy Consumption,Developed,2665.7325,193.1376,21922.1563,89.1608,United States,Italy,6.0417,9
Single Country,Autoregressive - 4 lags,Recursive,LSTM,Primary Energy Consumption,Developed,278.2137,278.6276,622.4405,72.6264,United States,Australia,1.8833,9
All Country (LOCO),Autoregressive - 4 lags,Non-Recursive,Bi-LSTM,Primary Energy Consumption,Developing,1577.7398,312.8744,13127.0623,108.8439,China,Turkey,2.5024,10
Single Country,Autoregressive - 4 lags,Non-Recursive,Bi-LSTM,Primary Energy Consumption,Developing,884.9200,343.7034,5728.7239,104.3770,China,Argentina,2.5595,10
All Country (LOCO),Autoregressive - 4 lags,Recursive,Bi-LSTM,Primary Energy Consumption,Developing,2517.9368,270.7525,20810.1432,114.3001,China,Argentina,4.0473,10
Single Country,Autoregressive - 4 lags,Recursive,Bi-LSTM,Primary Energy Consumption,Developing,2193.8265,598.8972,16866.6207,96.8881,China,Mexico,4.4941,10
All Country (LOCO),Autoregressive - 4 lags,Non-Recursive,CNN,Primary Energy Consumption,Developing,1995.4280,260.5591,17309.6199,81.3740,China,South Africa,2.6085,10
Single Country,Autoregressive - 4 lags,Non-Recursive,CNN,Primary Energy Consumption,Developing,708.4098,275.0434,4505.9647,46.5661,China,South Africa,1.8505,10
All Country (LOCO),Autoregressive - 4 lags,Recursive,CNN,Primary Energy Consumption,Developing,3060.6076,498.4002,25094.6647,42.6070,China,Argentina,4.6248,10
Single Country,Autoregressive - 4 lags,Recursive,CNN,Primary Energy Consumption,Developing,1612.2499,502.9057,10753.0968,50.1763,China,South Africa,3.9807,10
All Country (LOCO),Autoregressive - 4 lags,Non-Recursive,ED-LSTM,Primary Energy Consumption,Developing,2179.7042,294.0969,19282.0369,104.7922,China,South Africa,2.9269,10
Single Country,Autoregressive - 4 lags,Non-Recursive,ED-LSTM,Primary Energy Consumption,Developing,798.0026,254.2390,4817.5919,64.6843,China,South Africa,2.0875,10
All Country (LOCO),Autoregressive - 4 lags,Recursive,ED-LSTM,Primary Energy Consumption,Developing,2935.5422,477.9286,24968.0908,76.8110,China,Argentina,4.6699,10
Single Country,Autoregressive - 4 lags,Recursive,ED-LSTM,Primary Energy Consumption,Developing,1007.0624,461.0620,4580.6106,85.1880,China,South Africa,3.6539,10
All Country (LOCO),Autoregressive - 4 lags,Non-Recursive,LSTM,Primary Energy Consumption,Developing,914.2739,264.1477,6750.7673,73.7877,China,South Africa,2.0361,10
Single Country,Autoregressive - 4 lags,Non-Recursive,LSTM,Primary Energy Consumption,Developing,684.1772,234.4683,4043.5508,89.6460,China,South Africa,1.9045,10
All Country (LOCO),Autoregressive - 4 lags,Recursive,LSTM,Primary Energy Consumption,Developing,1844.1039,306.1963,15225.8433,75.1008,China,South Africa,3.3141,10
Single Country,Autoregressive - 4 lags,Recursive,LSTM,Primary Energy Consumption,Developing,1463.6700,543.0477,9620.5349,111.1708,China,Mexico,3.6965,10
